full_name,organisation,notes
Adahara Muñoz-alfaro,Universidad Autonoma de Baja California Sur,Universidad Autónoma de Baja California Sur
Alyssa Varela,Hawaii institute of Marine Biology,Hawaiʻi institute of Marine Biology
Amanda Melendez-perez,University of Puerto Rico at Mayaguez,University of Puerto Rico at Mayagüez
Ashley Carreiro,University of Hawai'i - Mānoa,University of Hawaiʻi - Mānoa
Bernhard Riegl Jr.,James Cook University,James Cook University Cynthia Riginos Australian Institute of Marine Science
Bill Thomas,Olohana Foundation,Olohana Foundation Bailey Thomasson Coral Restoration Foundation Virgin Islands (U.S.)
Brian Neilson,Joseph Nekaifes Johnston Applied Marine Sciences Northern Mariana Islands,State of Hawai'i Joseph Nekaifes Johnston Applied Marine Sciences Northern Mariana Islands
Brianna Bambic,Criobe Moorea,Resource and Ecosystem Management Tamatoa Bambridge National Center for Scientific Research - Rāhui Center
Caitlin Younis,University of Technology Sydney,University of Technology Sydney Ana Yranzo Duque Instituto de Zoología y Ecología Tropical Venezuela
Carmine Lee,National University of Singapore,National University of Singapore Gaby Lee Catholic University of Korea South Korea Prof Jeong-Hyun Lee Chungnam National
Damien Carrasquet,Universite de la Polynesie Francaise,Université de la Polynésie Française
Dr Alain Duran,Florida International University,Florida International University Allie Durdall University of the Virgin Islands Virgin Islands (U.S.) Nicholas Durgadeen
Dr Catherine Kim,Queensland University of Technology,Queensland University of Technology Jaehyeon Kim KIOST South Korea
Dr Danielle Jayewardene,National Oceanic and Atmospheric Administration,National Oceanic and Atmospheric Administration Christina Jayne State of Hawai'i
Dr David Armstrong,Texas A&M University,Texas A&M University - Corpus Christi Bradley Arrington University of the Virgin Islands Virgin Islands (U.S.)
Dr Dor Shefy,Israel Oceanographic and Limnological Research,Israel Oceanographic and Limnological Research Adeline Shelby University of the Virgin Islands Virgin Islands (U.S.)
Dr Dustin Kemp,University of Alabama at Birmingham,University of Alabama - Birmingham Prof Paul Kench University of Waikato
Dr Holland Elder,Australian Institute of Marine Science,Australian Institute of Marine Science Simon Ellis Marine and Environmental Research Institute Of Micronesia (the Pohnpe
Dr Ifenna Ilechukwu,University of Dar Es Salaam,"Molecular Invertebrate Systematics & Ecology Laboratory Dr Ophery Ilomo University of Dar Es Salaam Tanzania, United Rep"
Dr Immy Ashley,University of Hawai'i - Mānoa,University of California - Los Angeles Dr Greg Asner Global Discovery and Conservation Science
Dr John Parkinson,University of South Florida,University of South Florida Spencer Parr University of the Virgin Islands Virgin Islands (U.S.)
Dr Julia Cole,University of Michigan,University of Michigan - Ann Arbor Gillian Coleman University of the Virgin Islands Virgin Islands (U.S.)
Dr Julian Lilkendey,KIOST South Korea,Leibniz Centre for Tropical Marine Research Dr Jae Kyu Lim KIOST South Korea
Dr Lyndsey Holland,University of the Virgin Islands Virgin Islands (U.S.),Department of Conservation - New Zealand Erin Hollander University of the Virgin Islands Virgin Islands (U.S.)
Dr Margarita Brandt,University of the Virgin Islands Virgin Islands (U.S.),Universidad San Francisco de Quito Dr Marilyn Brandt University of the Virgin Islands Virgin Islands (U.S.)
Dr Mark Meekan,University of the Virgin Islands Virgin Islands (U.S.),University of Western Australia Sonora Meiling University of the Virgin Islands Virgin Islands (U.S.)
Dr Mark Warner,Coral Reef Initiative Northern Mariana Islands,University of Delaware Bailey Warren Coral Reef Initiative Northern Mariana Islands
Dr Mykle Hoban,Johnston Applied Marine Sciences Northern Mariana Islands,Hawai‘i Institute of Marine Biology Alyssa Hobbs Johnston Applied Marine Sciences Northern Mariana Islands
Dr Pramod Chumun,KIOST South Korea,United Nations Development Programme - Mauritius & Seychelles Jaeseok Chung KIOST South Korea
Dr Robin Smith,University of the Virgin Islands Virgin Islands (U.S.),Arizona State University Dr Tyler Smith University of the Virgin Islands Virgin Islands (U.S.)
Dr Sara Swaminathan,University of the Virgin Islands Virgin Islands (U.S.),Bigelow Laboratory for Ocean Sciences Ally Swan University of the Virgin Islands Virgin Islands (U.S.)
Dr Sun Kim,KIOST South Korea,University of Queensland Dr Taihun Kim KIOST South Korea
Dr Thiago Mendes,Conservation Society of Pohnpei Micronesia (the Federated States of),Projeto Costão Rochoso Jasmine Mendiola Conservation Society of Pohnpei Micronesia (the Federated States of)
Dr Wichin Suebpala,KAUST,Ramkhamhaeng University David Suggett KAUST
Emily Croasdale,"The Nature Conservancy Venezuela, Bolivarian Republic of","University of Lisbon Dr Aldo Croquer The Nature Conservancy Venezuela, Bolivarian Republic of"
Enora Carnac,University of Liege,University of Liège
Erin Bowman,The Nature Conservancy Micronesia (the Federated States of),Backpacker Marissa Boylan The Nature Conservancy Micronesia (the Federated States of)
Esmeralda Perez-Cervantes,Universidad Nacional Autonoma de Mexico,Universidad Nacional Autónoma de México
Gabriel Silva,University of the Virgin Islands Virgin Islands (U.S.),Institute of Science - Tokyo Lindsay Dade University of the Virgin Islands Virgin Islands (U.S.)
Gabriela Gutierrez,Universidad Nacional Autonoma de Mexico,Universidad Nacional Autónoma de México
Hélène Meehl,Hawaii Division of Aquatic Resources,Hawaiʻi Division of Aquatic Resources
Isabelle Basden,University of the Virgin Islands Virgin Islands (U.S.),Ohio State University Moriah Sevier University of the Virgin Islands Virgin Islands (U.S.)
Isabelle Chiang,KIOST South Korea,University of Southern California Dr Sun Kyeong Choi KIOST South Korea
Isabelle Ng,"Tanzania Marine Parks and Reserves Unit Tanzania, United Republic of","James Cook University Godfrey Ngupula Tanzania Marine Parks and Reserves Unit Tanzania, United Republic of"
Jean Aimé Zafimahatradraibe,Institut Halieutique et des Sciences Marines,Institut Halieutique et des Sciences Marines/University of Toliara of Toliara
Jonas Dreesmann,Bergische Universitat Wuppertal,Bergische Universität Wuppertal
Kamalani Oshiro,Hawai'i Institute of Marine Biology,Hawaiʻi Institute of Marine Biology
Kelly,Georgia Institute of Technology,Delegate PDF parsed first name only; same person as speaker Kelly Lumpkin
Layla Iijima,Université de Bretagne Occidentale,Institut de Recherche pour le Développement/Université de Bretagne Occidentale
Leon Tran,University of Hawai'i - Mānoa,University of Hawaiʻi - Mānoa
Madeleine Sherman,Hawai'i Institute of Marine Biology,Hawai‘i Institute of Marine Biology
Madison Androne,Division of Aquatic Resources - Hawai'i,Nova Southeastern University Maria Angst Division of Aquatic Resources - Hawai'i
Maile Coberly,University of the Virgin Islands Virgin Islands (U.S.),Hawaiʻi Division of Aquatic Resources Avery Coble University of the Virgin Islands Virgin Islands (U.S.)
Maja Seier,University of Salzburg,"University of Copenhagen Jörg-Dieter Seifert-Granzin University of Salzburg Bolivia, Plurinational State of"
Makeda Mills,KIOST South Korea,Texas A&M University Dr Won-Gi Min KIOST (korea Institute Of Ocean Science & South Korea Technology)
Maria Villalpando,Fundacion Dominicana de Estudios Marinos,Fundación Dominicana de Estudios Marinos
Maryann Webb,"Blue Alliance Tanzania, United Republic of","University of Hawai‘i - Mānoa Margot Webster Blue Alliance Tanzania, United Republic of"
Matlyn Ua,University of Hawai'i - Hilo,University of Hawaiʻi - Hilo
Maya Olin,University of the Virgin Islands Virgin Islands (U.S.),University of Hawai'i Dr Lauren Olinger University of the Virgin Islands Virgin Islands (U.S.)
Molly Brzezinski,Johnston Applied Marine Sciences/University of Northern Mariana Amsterdam Islands,University of California - Santa Barbara Ilan Bubb Johnston Applied Marine Sciences/University of Northern Mariana Amste
Morgan Hightshoe,University of Auckland,Nova Southeastern University Dan Hikuroa University of Auckland
Natalie Villafranca,Coral Reef Initiative Northern Mariana Islands,University of Southern California Frank Villagomez Coral Reef Initiative Northern Mariana Islands
Prof Haiwei Luo,The Nature Conservancy Virgin Islands (U.S.),Chinese University of Hong Kong Caitlin Lustic The Nature Conservancy Virgin Islands (U.S.)
Prof Michael Berumen,Coral Restoration Consortium Sint Maarten,KAUST Tadzio Bervoets Coral Restoration Consortium Sint Maarten
Prof Scott Heron,"Universidad Central de Venezuela Venezuela, Bolivarian Republic of","James Cook University Dr Ana Herrera Reveles Universidad Central de Venezuela Venezuela, Bolivarian Republic of"
Prof Simone Montano,National Marine Biodiversity Institute of Korea South Korea,University of Milano-Bicocca Dr Hye-won Moon National Marine Biodiversity Institute of Korea South Korea
Rebecca Wenker,University of the Virgin Islands Virgin Islands (U.S.),National Oceanic and Atmospheric Administration Dr Casey Whalen University of the Virgin Islands Virgin Islands (U.S.)
Samantha Shedd,University of the Virgin Islands Virgin Islands (U.S.),University of Hawai'i - Mānoa Cole Sheeley University of the Virgin Islands Virgin Islands (U.S.)
Sassa Jordan,Conservation Society of Pohnpei Micronesia (the Federated States of),Newcastle University Eugene Joseph Conservation Society of Pohnpei Micronesia (the Federated States of)
Sophie Wong,KIOST South Korea,University of Alabama Dr Seonock Woo KIOST South Korea
Vivienne Weir,Oregon State University,University of Guam Virginia Weis Oregon State University
